Race,Year,Date,Finishers
NYC Marathon,2023,11/5/23,51295
Chicago Marathon,2023,10/8/23,48574
Boston Marathon,2023,4/17/23,26600
LA Marathon,2023,3/19/23,16973
Honolulu Marathon,2023,12/10/23,15044
Marine Corps Marathon,2023,10/29/23,13662
Disney World Marathon,2023,1/8/23,12690
Philadelphia Marathon,2023,11/19/23,11412
California International Marathon,2023,12/3/23,9183
Grandma's Marathon,2023,6/17/23,7182
Houston Marathon,2023,1/15/23,6105
The San Francisco Marathon,2023,7/23/23,4883
Cincinnati Flying Pig Marathon,2023,5/7/23,4489
Indianapolis Monumental Marathon,2023,10/28/23,4214
Richmond Marathon,2023,11/11/23,4083
St. George Marathon,2023,10/7/23,3815
Big Sur International Marathon,2023,4/30/23,3633
Dallas Marathon,2023,12/10/23,3377
Austin Marathon,2023,2/19/23,3192
Detroit International Marathon,2023,10/15/23,3080
Columbus Marathon,2023,10/15/23,3006
Pittsburgh Marathon,2023,5/7/23,3000
Miami Marathon,2023,1/29/23,2744
Bataan Memorial Death March,2023,3/19/23,2615
Long Beach Marathon,2023,10/15/23,2516
RnR Nashville Marathon,2023,4/22/23,2328
Portland Oregon Marathon,2023,10/1/23,2255
OC Marathon,2023,5/7/23,2061
Eugene Marathon,2023,4/30/23,2038
Jersey City Marathon,2023,4/23/23,1934
Phoenix Marathon,2023,2/4/23,1926
Memphis Marathon,2023,12/2/23,1921
REVEL Big Bear and Half Marathon,2023,11/18/23,1837
Oklahoma City Memorial Marathon,2023,4/30/23,1814
Seattle Marathon,2023,11/26/23,1748
Shamrock Sportsfest Marathon,2023,3/19/23,1689
Wineglass Marathon,2023,10/1/23,1647
Cox Sports Providence Marathon,2023,5/7/23,1638
Madison Marathon,2023,11/12/23,1627
Colfax Marathon,2023,5/21/23,1600
Big Cottonwood Marathon,2023,9/9/23,1572
REVEL Mt Charleston,2023,4/1/23,1516
Baltimore Marathon,2023,10/14/23,1502
Charlotte's Thunder Road Marathon,2023,11/4/23,1486
Hartford Marathon,2023,10/14/23,1467
Napa Valley Marathon,2023,3/5/23,1452
Des Moines Marathon,2023,10/15/23,1450
Mountains 2 Beach Marathon,2023,5/21/23,1423
Lakefront Marathon,2023,10/1/23,1419
Rock 'n' Roll Arizona Marathon,2023,1/15/23,1408
Bayshore Marathon,2023,5/27/23,1366
Kiawah Island Marathon,2023,12/9/23,1358
Georgia Marathon,2023,2/26/23,1335
Surf City Marathon (prev. Pacific Shoreline Marathon),2023,2/5/23,1268
Cowtown Marathon,2023,2/26/23,1263
Cleveland Marathon,2023,5/21/23,1232
Kansas City Marathon,2023,10/21/23,1231
Vermont City Marathon,2023,5/28/23,1167
Glass City Marathon,2023,4/23/23,1161
Ogden Marathon,2023,5/20/23,1077
Buffalo Marathon,2023,5/28/23,1075
Air Force Marathon,2023,9/16/23,1070
GO! St. Louis Marathon,2023,4/2/23,1065
Missoula Marathon,2023,6/25/23,1050
Kentucky Derby Festival Marathon,2023,4/29/23,1048
Little Rock Marathon,2023,3/5/23,1044
Salt Lake City Marathon,2023,4/22/23,1010
Myrtle Beach Marathon,2023,3/4/23,997
Utah Valley Marathon,2023,6/3/23,996
Fargo Marathon,2023,5/20/23,958
Atlantic City Marathon,2023,10/22/23,953
The Santa Rosa Marathon,2023,8/27/23,952
Erie Marathon at Presque Isle,2023,9/10/23,944
Baystate Marathon,2023,10/15/23,936
Carmel Marathon,2023,4/8/23,936
Grand Rapids Marathon,2023,10/15/23,932
Rocket City Marathon,2023,12/10/23,917
Boulderthon Marathon,2023,10/8/23,916
Maine Marathon,2023,10/1/23,904
Cape Cod Marathon,2023,10/8/23,897
Steamtown Marathon,2023,10/8/23,867
Rehoboth Seashore Marathon,2023,12/2/23,861
Space Coast Marathon,2023,11/26/23,858
Carlsbad Marathon,2023,1/15/23,823
The Woodlands Marathon,2023,3/4/23,822
Tucson Marathon,2023,12/10/23,819
Lincoln Marathon,2023,5/7/23,798
Route 66 Marathon,2023,11/19/23,785
Colorado Marathon,2023,5/7/23,784
Tobacco Road Marathon,2023,3/19/23,779
Jack and Jill's Downhill Saturday Marathon,2023,7/29/23,761
Ventura Marathon,2023,2/26/23,758
Light at the End of the Tunnel Marathon,2023,6/11/23,757
Louisiana Marathon,2023,1/15/23,750
Leadville Trail Marathon,2023,6/17/23,744
Wilmington Marathon,2023,2/25/23,726
Rockies Marathon,2023,6/3/23,711
Akron Marathon,2023,9/30/23,693
Newport Marathon (RI),2023,10/8/23,677
Rhode Races Newport Marathon,2023,4/15/23,676
City of Oaks Marathon,2023,11/5/23,669
The Tunnel Lite Marathon,2023,9/10/23,664
Mount Desert Island marathon,2023,10/15/23,650
Coastal Delaware Running Festival,2023,4/16/23,633
Pikes Peak Marathon,2023,9/17/23,615
Asheville Marathon,2023,3/18/23,601
Mayor's Marathon,2023,6/17/23,582
Jacksonville Marathon,2023,12/10/23,553
Bryan-College Station Marathon,2023,12/10/23,544
Quad Cities Marathon,2023,9/24/23,541
Mankato Marathon,2023,10/21/23,533
Mercedes Marathon,2023,2/12/23,521
Eau Claire Marathon,2023,4/30/23,516
Jack and Jill's Downhill Marathon,2023,7/30/23,510
Knoxville Marathon,2023,4/2/23,504
Sugarloaf Marathon,2023,5/14/23,504
26.2 with Donna: The National Marathon to Finish Breast Cancer,2023,2/5/23,500
Tunnel Vision Marathon,2023,8/13/23,495
Green Bay Marathon,2023,5/21/23,494
Moab Trail Marathon,2023,11/4/23,491
Two Cities Marathon,2023,11/5/23,481
Martha's Vineyard Marathon,2023,5/20/23,480
Mississippi Gulf Coast Marathon,2023,12/10/23,478
Duke City Marathon,2023,10/22/23,476
Seven Bridges Marathon,2023,10/15/23,476
Oakland Marathon Running Festival,2023,3/19/23,471
Harrisburg Marathon,2023,11/12/23,463
Ft. Lauderdale A1A Marathon,2023,2/19/23,460
Mo Cowbell Marathon,2023,10/1/23,457
Delaware Marathon,2023,4/23/23,454
Palm Beaches Marathon Festival,2023,12/10/23,454
Chicagoland Marathon,2023,5/7/23,452
Manchester City Marathon,2023,11/12/23,452
Fox Valley Marathon,2023,9/17/23,447
Mohawk-Hudson River Marathon,2023,10/8/23,438
Garmin Marathon (prev. Oz Marathon),2023,4/22/23,432
Long Island Marathon,2023,5/7/23,430
Marquette Marathon,2023,9/2/23,425
Irving Marathon,2023,4/1/23,421
Charlevoix Marathon,2023,6/17/23,416
The Cheap! Marathon,2023,4/16/23,408
Fox Cities Marathon,2023,9/17/23,403
Town of Celebration Marathon,2023,1/29/23,403
Catalina Marathon,2023,3/11/23,382
Avenue of the Giants Marathon,2023,5/7/23,381
Big Beach Marathon,2023,1/29/23,379
Equinox Marathon,2023,9/16/23,377
WhistleStop Marathon,2023,10/14/23,376
One City Marathon,2023,3/5/23,374
Sioux Falls Marathon,2023,8/27/23,366
Tacoma City Marathon,2023,4/30/23,365
"Nashville Half Marathon, Marathon & 5K",2023,10/28/23,363
Chickamauga Battlefield Marathon,2023,11/11/23,344
New England Green River Marathon,2023,8/27/23,340
Salina Crossroads Marathon,2023,11/4/23,331
Marshall University Marathon,2023,11/5/23,330
OBX Marathon,2023,11/12/23,327
Maui Oceanfront Marathon,2023,1/15/23,324
Colorado Springs Marathon,2023,9/30/23,321
Deseret News Classic Marathon,2023,7/24/23,320
Newport Marathon,2023,6/3/23,318
Clarence Demar Marathon,2023,9/24/23,317
Maui Marathon,2023,4/23/23,317
The Kauai Marathon,2023,9/3/23,317
St. Petersburg Marathon,2023,2/12/23,312
Coast Guard Marathon,2023,3/4/23,311
Moose Mountain Marathon,2023,9/9/23,306
Spinx Run Fest,2023,10/28/23,304
Kalamazoo Marathon,2023,4/23/23,302
Eugene Curnow Trail Marathon (formerly the Half Voyageur Trail Marathon),2023,7/15/23,301
Suffolk County Marathon,2023,10/22/23,299
Holland Haven Marathon,2023,9/10/23,297
Modesto Marathon,2023,3/26/23,295
Prairie Fire Wichita Marathon,2023,10/8/23,293
Wisconsin Marathon,2023,5/6/23,293
Lost Dutchman Marathon,2023,2/19/23,290
Albany Marathon (formerly the Snickers Marathon Energy Bar Marathon),2023,3/4/23,289
Sri Chinmoy Marathon (formerly Self-Transcendence Marathon),2023,8/24/23,288
Bass Pro Shops Marathon,2023,11/5/23,287
"Louisville Marathon, Half Marathon & 10K",2023,11/5/23,284
Jekyll Island Marathon,2023,1/15/23,283
Ocean State Marathon & Rhode Race,2023,10/29/23,283
Brew City Marathon,2023,4/22/23,282
Coeur d' Alene Marathon,2023,5/28/23,281
North Central Trail Marathon,2023,11/25/23,278
Hilton Head Marathon,2023,2/11/23,277
North Olympic Discovery Marathon,2023,6/4/23,272
Lake Placid Marathon,2023,6/11/23,265
Panama City Beach Marathon,2023,12/2/23,263
Foot Traffic Flat Marathon,2023,7/4/23,259
Bellingham Bay Marathon,2023,9/24/23,257
Pro Football Hall of Fame Marathon,2023,5/7/23,257
Hamptons Marathon,2023,9/23/23,256
Mad Marathon,2023,7/9/23,253
Salisbury Marathon,2023,4/1/23,253
Bend Marathon and Half,2023,4/16/23,250
B&A Trail Marathon,2023,3/26/23,249
Ann Arbor Marathon,2023,10/1/23,248
Capital City Marathon,2023,5/21/23,247
Harpeth Hills Flying Monkey Marathon,2023,11/19/23,244
El Paso Marathon,2023,2/12/23,238
Columbia Gorge Marathon,2023,10/22/23,235
Jackson Hole Marathon,2023,9/23/23,233
Steamboat Marathon,2023,6/4/23,233
Med-City Marathon,2023,5/13/23,231
Blue Sky Marathon,2023,10/21/23,222
Anchorage Runfest Humpy's Marathon (prev. Big Wild Life Runs Marathon),2023,8/20/23,221
Run Oak Island,2023,2/18/23,221
Windermere Marathon,2023,5/21/23,217
Last Chance BQ.2 Chicagoland Marathon,2023,9/9/23,216
Sackets Harbor Marathon & Half Marathon,2023,9/3/23,216
York Marathon and Half Marathon,2023,5/7/23,216
Chattanooga Marathon,2023,3/5/23,212
Florida Marathon & Half Marathon,2023,2/12/23,210
Hogeye Marathon,2023,4/15/23,210
Mt. Nebo Marathon,2023,8/26/23,210
Lake Wobegon Trail Marathon,2023,5/6/23,209
Loco Marathon,2023,10/22/23,207
Deadwood-Mickelson Trail Marathon,2023,6/4/23,206
South Texas International Marathon,2023,12/2/23,206
Des Plaines River Trail Marathon,2023,10/14/23,205
Heartland Marathon,2023,9/24/23,201
Millinocket Marathon,2023,12/2/23,193
Whidbey Island Marathon,2023,4/23/23,189
New Hampshire Marathon,2023,9/30/23,188
A Run Through Time,2023,3/11/23,186
3 Bridges Marathon,2023,12/9/23,184
Aspen Valley Marathon,2023,7/15/23,184
Leavenworth Marathon,2023,9/30/23,184
Maritime Marathon,2023,6/11/23,183
Bismarck Marathon,2023,9/16/23,179
Charlottesville Marathon,2023,4/1/23,179
Fort Worth Marathon,2023,11/12/23,179
Pocatello Marathon,2023,9/2/23,179
Great New York State Marathon,2023,10/15/23,178
Marathon of the Treasure Coast,2023,3/5/23,177
Surfers Point Marathon,2023,9/10/23,175
Potomac River Run Marathon,2023,5/6/23,174
Tallahassee Marathon,2023,2/5/23,174
BHM26.2,2023,10/1/23,173
Famous Idaho Potato Marathon,2023,5/13/23,172
The Haunted Forest Marathon,2023,10/29/23,172
Bakersfield Marathon,2023,3/26/23,169
Bemidji Blue Ox Marathon,2023,10/14/23,168
Logan Marathon,2023,9/16/23,168
Umstead Trail Marathon,2023,3/4/23,166
Mill Race Marathon,2023,9/23/23,165
Athens Marathon (Ohio),2023,4/16/23,164
New River Marathon,2023,5/13/23,164
Shoreline Marathon,2023,7/16/23,164
Greenbrier River Trail Marathon,2023,10/8/23,163
Lake Tahoe Marathon,2023,10/15/23,163
Sehgahunda Trail Marathon,2023,5/20/23,162
Washington's Birthday Marathon,2023,2/19/23,159
Emerald Isle Marathon,2023,10/28/23,154
Gettysburg North-South Marathon,2023,4/30/23,153
Mississippi Blues Marathon,2023,2/25/23,153
Spokane Series Marathon,2023,10/8/23,153
North Country Trail Run,2023,8/26/23,151
Montana Marathon,2023,5/21/23,149
Gobbler Grind Marathon,2023,11/19/23,148
Sleeping Bear Marathon,2023,10/7/23,148
Freedom's Run,2023,10/7/23,147
Sun Marathon,2023,1/28/23,147
Mississippi River Marathon,2023,2/4/23,145
Martian Marathon,2023,4/15/23,142
Texas Marathon,2023,1/1/23,142
Millennium Meadows Marathon,2023,8/27/23,141
Long View Marathon,2023,10/14/23,140
State 47 Marathon,2023,1/7/23,140
Skidaway Island Marathon,2023,2/25/23,139
Nebraska State Fair Marathon,2023,8/26/23,138
Daufuskie Island Marathon,2023,1/14/23,137
Santa Clarita Marathon,2023,11/12/23,137
Horse Capital Marathon,2023,4/15/23,136
Spring Chance BQ.2 Marathon,2023,4/15/23,136
Zydeco Marathon,2023,3/12/23,136
McAllen Marathon,2023,1/21/23,134
Towpath Marathon,2023,10/7/23,134
Cannonball Marathon,2023,10/14/23,133
Wausau Marathon,2023,8/19/23,132
SOCAL River Marathon,2023,3/4/23,131
Savin Rock Marathon,2023,3/25/23,130
Adirondack Marathon,2023,10/1/23,129
Des Moines St. Paddy's Marathon,2023,3/18/23,129
Hatfield-McCoy Marathon,2023,6/10/23,129
Jackson River Scenic Trail Marathon,2023,6/3/23,128
Philadelphia Trail Marathon,2023,4/23/23,128
Whitefish Marathon,2023,5/20/23,127
Ohio River Road Runners Club Marathon,2023,4/2/23,125
Queens Marathon (Fall),2023,11/19/23,124
Veterans Marathon,2023,11/11/23,124
White River Marathon for Kenya (prev Mountain Home Marathon for Kenya),2023,11/18/23,124
Belleville Main Street Marathon,2023,9/30/23,123
Estes Park Marathon,2023,6/18/23,123
Apple Tree Marathon,2023,9/17/23,122
Shiprock Marathon,2023,5/6/23,122
Charles River Marathon,2023,9/10/23,121
Rogue Run Marathon,2023,10/14/23,120
RDC Marathon,2023,10/29/23,119
Seabrook Lucky Trail Marathon,2023,3/18/23,118
USA Fit Marathon,2023,1/29/23,118
Abebe Bikila Day International Peace Marathon,2023,9/9/23,116
Heart of America Marathon,2023,9/4/23,115
Vernonia Marathon,2023,4/16/23,115
Mesa Falls Marathon,2023,7/15/23,114
Golden Driller Marathon,2023,4/15/23,113
Lubbock Mayor's Marathon,2023,10/29/23,113
Silverton Alpine Marathon,2023,7/8/23,113
The Buckeye Marathon,2023,1/7/23,113
Beach to Bay Marathon,2023,5/20/23,112
Last Chance BQ.2 Grand Rapids Marathon,2023,9/10/23,111
Silver Falls Marathon,2023,11/4/23,111
Redding Marathon,2023,1/15/23,109
Green Mountain Marathon,2023,10/22/23,108
Stony Creek Marathon,2023,11/5/23,108
Hyannis Marathon,2023,3/5/23,107
Colorado Fall Equinox Marathon,2023,9/17/23,106
Hawai'i Bird Conservation Marathon,2023,12/17/23,106
McKirdy Micro Marathon - NY II,2023,10/14/23,106
Starved Rock County Marathon,2023,5/13/23,106
Staunton Rocks! Marathon & Half,2023,8/26/23,106
Beat The Blerch Saturday Marathon,2023,9/9/23,104
Hoover Dam Marathon,2023,12/9/23,104
Run Crazy Horse,2023,10/8/23,104
"Beaver Canyon Marathon, Half Marathon and 10K",2023,8/5/23,103
Whiskey Row Marathon,2023,10/14/23,100
Brookings Marathon,2023,5/13/23,99
Camarillo Marathon,2023,8/6/23,98
Millbrook Marathon,2023,4/16/23,98
Big Island International Marathon,2023,3/19/23,97
Ely Marathon,2023,9/23/23,97
Grand Island Trail Marathon,2023,7/29/23,97
Red Rock Canyon Marathon,2023,1/21/23,97
Tupelo Marathon,2023,9/3/23,97
Layton Marathon,2023,10/6/23,96
Wenatchee Marathon,2023,4/15/23,96
Teton DAM Marathon,2023,6/3/23,95
Half Sauer Half Kraut Marathon,2023,6/10/23,94
Berryman Marathon,2023,5/20/23,94
The Kensington Marathon,2023,7/30/23,94
Casper Wyoming Marathon,2023,6/4/23,93
Chasing the Unicorn,2023,8/27/23,93
Potomac River Run Fall Marathon,2023,10/7/23,93
Land Between the Lakes Marathon,2023,3/11/23,91
Bears Ears Marathon,2023,11/4/23,90
Veterans Marathon (PA),2023,11/5/23,90
Desert RATS Trail Running Festival,2023,4/15/23,89
Chessie Trail Marathon,2023,11/4/23,88
Marathon 2 Marathon,2023,10/21/23,88
Boulder Rez Marathon,2023,8/12/23,87
Galveston Mardi Gras Marathon,2023,2/26/23,86
Groundhog Marathon,2023,2/4/23,86
Humboldt Redwoods Marathon,2023,10/8/23,86
Sundance to Spearfish Marathon,2023,9/10/23,86
Two Rivers Marathon Race Festival,2023,3/25/23,86
Muddy River Marathon,2023,4/29/23,85
Callaway Gardens Marathon,2023,3/18/23,84
New England Series - CT,2023,6/5/23,84
Aspen Backcountry Marathon,2023,8/5/23,82
Bobcat Trail Marathon,2023,11/11/23,82
Flagstaff Marathon,2023,11/4/23,82
BG26.2 Marathon,2023,11/5/23,81
Eisenhower Marathon,2023,4/29/23,81
Greenway Trail Marathon,2023,3/11/23,81
London OH Marathon,2023,4/15/23,81
Yonkers Marathon,2023,9/17/23,80
Harlingen Marathon,2023,2/5/23,79
Eisenbahn Marathon,2023,7/15/23,77
NipMuck Trail Marathon,2023,10/1/23,77
Yakima River Canyon Marathon,2023,4/1/23,77
Dances With Dirt Devil's Lake,2023,7/8/23,76
"MISH Waterfront Marathon, Half & 10K",2023,6/24/23,76
Monument Marathon,2023,9/30/23,76
Mystery Mountain Marathon,2023,10/8/23,76
Timberline Marathon,2023,6/10/23,76
Two Rivers Sunday Marathon,2023,3/26/23,76
Death Valley Borax Marathon,2023,2/4/23,75
Holloman Ace of Races Marathon,2023,12/9/23,75
Hayden Lake Marathon,2023,10/14/23,74
Paavo Nurmi Marathon (USA),2023,8/12/23,73
Trailbreaker Marathon,2023,4/1/23,73
Black Mountain Marathon,2023,2/25/23,72
Boogie Marathon,2023,6/10/23,72
Sand Hollow Marathon,2023,3/11/23,72
Armed Services Marathon (prev. Oktoberfest Marathon),2023,5/21/23,71
East Canyon Marathon,2023,9/2/23,71
Haulin' Aspen Trail Marathon,2023,8/12/23,71
Virginia Creeper Marathon,2023,4/2/23,71
Honoring our Heroes Marathon,2023,11/18/23,69
Conquer the Cove Marathon,2023,5/28/23,68
Grasslands Trail Run Marathon,2023,3/18/23,68
Leading Ladies Marathon,2023,8/20/23,68
Museum of Aviation Foundation Marathon,2023,1/14/23,68
Run WoodStock,2023,9/9/23,68
Extraterrestrial Full Moon Midnight Marathon,2023,8/6/23,67
Laredo Marathon,2023,11/5/23,67
Lock 2 Lock Marathon,2023,9/9/23,67
Rim Rock Marathon,2023,11/5/23,67
Little Apple Marathon,2023,10/7/23,66
Madeline Island Marathon,2023,5/20/23,65
Run for the Lakes,2023,4/29/23,65
Skagit Flats Marathon,2023,10/1/23,65
Timp Trail Marathon,2023,5/20/23,64
Fort Smith Marathon,2023,9/24/23,63
Conquer the Canyon Race Festival,2023,7/22/23,62
Frank Maier Marathon,2023,7/29/23,62
Northern Trails Marathon,2023,3/11/23,62
Frisco Railroad Run (formerly the Frisco Marathon),2023,4/29/23,61
The Montana Governor's Cup Marathon,2023,6/10/23,61
Trail Marathon,2023,4/29/23,61
God's Country Marathon,2023,6/3/23,60
Wabash Trace Marathon,2023,9/9/23,60
Back Your Badge Marathon,2023,9/23/23,59
Blue Ridge Marathon,2023,4/22/23,59
Ellerbe Springs Marathon,2023,2/25/23,59
Fort Ebey Kettles Trail Run,2023,2/25/23,58
New England Series - VT,2023,6/8/23,58
Run the River Marathon,2023,4/8/23,58
Ghost of Seattle Marathon,2023,11/25/23,57
Escalante Canyons Marathon,2023,10/14/23,56
New England Series - RI,2023,6/6/23,56
Tunnel Hill Marathon,2023,11/12/23,56
Willamette Valley Marathon,2023,9/17/23,56
Heartland Series - IN,2023,7/10/23,55
Elroy Apple Dumpling Day Marathon,2023,9/9/23,54
Heartland Series - MI,2023,7/9/23,54
Bucks County Marathon,2023,10/28/23,53
New England Series - ME,2023,6/10/23,53
Pacific Northwest Marathon,2023,9/16/23,53
Appalachian Series - GA,2023,3/25/23,52
Independence Series - MD,2023,6/1/23,52
Minocqua Northwoods Escape Marathon,2023,5/28/23,52
Old Forge Marathon,2023,9/9/23,52
Bear Lake Idaho Marathon,2023,6/8/23,51
Heartland Series - OH,2023,7/8/23,51
Independence Series - DE,2023,5/31/23,51
Lake Mead Marathon,2023,1/14/23,51
Pocono Mountains Marathon Race Festival,2023,10/21/23,51
Bear Lake Wyoming Marathon,2023,6/9/23,50
Hawk Hundred Marathon,2023,9/9/23,50
New England Series - NH,2023,6/9/23,50
Breckenridge Road Marathon,2023,10/7/23,49
Cummins Falls Marathon,2023,2/25/23,49
Crater Lake Marathon,2023,8/12/23,48
Independence Series - NJ,2023,6/3/23,48
Lakeside Marathon,2023,10/13/23,48
Cal-Neva Marathon,2023,10/14/23,47
Enchanted Forest,2023,7/29/23,47
Pettit Indoor Marathon,2023,3/5/23,47
Appalachian Series - SC,2023,3/26/23,46
Humboldt Bay Marathon,2023,8/13/23,46
New England Series - MA,2023,6/7/23,46
Run With the Horses Marathon,2023,8/19/23,46
Rails to Trails Marathon,2023,10/1/23,45
Bizz Johnson Trail Marathon,2023,10/7/23,44
Dances With Dirt Gnaw Bone,2023,5/20/23,44
Idaho Falls MAD Marathon,2023,7/29/23,44
Minocqua No Frills Marathon,2023,9/3/23,44
Run for the Ranch Marathon,2023,12/30/23,44
Bear Lake Marathon,2023,6/10/23,43
Center of the Nation Marathon - Montana,2023,10/7/23,43
Skyline Mountain Marathon,2023,8/12/23,43
Thelma and Louise Marathon,2023,5/13/23,43
Center of the Nation Marathon - South Dakota,2023,10/5/23,42
Devil After Dark Marathon,2023,9/16/23,42
Appalachian Series - AL,2023,3/24/23,41
Center of the Nation Marathon - Wyoming,2023,10/4/23,41
Drake Well Marathon,2023,8/20/23,41
Prairie Series - IA,2023,5/16/23,41
Priest Lake Marathon,2023,9/30/23,41
Tecumseh Trail Marathon,2023,10/21/23,41
Tri-Cities Marathon,2023,10/29/23,41
Windsor Marathon,2023,10/8/23,41
Yuma Territorial Marathon and Half Marathon,2023,1/28/23,41
DoLittle Marathon,2023,9/16/23,40
Med Bow Rail Marathon,2023,8/12/23,40
Night Moves,2023,9/16/23,40
Strolling Jim marathon,2023,5/6/23,40
Western Maryland Rail Trail Marathon,2023,10/15/23,40
Appalachian Series - NC,2023,3/27/23,39
"Labor Day Triple, Day 1",2023,9/2/23,39
Nutmeg State Marathon,2023,5/7/23,39
Tulsa Urban Adventure Race Marathon,2023,9/30/23,39
Wildwood Trail Marathon,2023,12/2/23,39
ZoombieRunner Halloween Marathon,2023,10/29/23,39
Four Corners Quad Keyah Marathon - Day 3,2023,12/9/23,38
Granite State Marathon,2023,5/13/23,38
Lithia Loop Trail Marathon,2023,11/4/23,38
Prairie Series - KS,2023,5/14/23,38
Run for the Elk Marathon Race Festival,2023,7/29/23,38
Southwest Series - AZ,2023,11/8/23,38
Andrew Jackson Marathon,2023,4/1/23,37
Big Sky Marathon,2023,7/9/23,37
Independence Series - NY,2023,6/4/23,37
Prairie Series - NE,2023,5/15/23,37
Running With The Devil Marathon,2023,6/17/23,37
Southwest Series - UT,2023,11/7/23,37
Wyoming Marathon,2023,5/28/23,37
Center of the Nation Marathon - North Dakota,2023,10/6/23,36
Four Corners Quad Keyah Marathon - Day 1,2023,12/7/23,36
Four Corners Quad Keyah Marathon - Day 4,2023,12/10/23,36
Redwood Trail Run (Summer),2023,8/12/23,36
Seaside Marathon,2023,2/19/23,36
Four Corners Quad Keyah Marathon - Day 2,2023,12/8/23,35
Heartland Series - WI,2023,7/13/23,35
Olde Girdled Grit (OGG) Trail Run,2023,2/25/23,35
Topo Trail Marathon,2023,12/3/23,35
American Birkebeiner Trail Run,2023,9/23/23,34
Appalachian Series - TN,2023,3/28/23,34
Bear Paw Marathon,2023,6/3/23,34
Boring Marathon,2023,9/10/23,34
New Year's Eve Marathon,2023,12/31/23,34
Northwest Series - ID,2023,9/27/23,34
Queens Marathon and QDR Half Marathon,2023,4/2/23,34
Backside Trail Marathon and Half,2023,4/30/23,33
Golden Gate Trail Run Marathon,2023,2/4/23,33
Gulf Coast Series - MS,2023,3/22/23,33
Heartland Series - IL,2023,7/11/23,33
Lake Chabot Trail Marathon,2023,11/4/23,33
Maple Leaf Marathon,2023,5/12/23,33
Otter Creek Trail Marathon,2023,12/16/23,33
Prairie Series - SD,2023,5/17/23,33
Warm up Columbus Marathon,2023,2/5/23,33
Appalachian Series - VA,2023,3/30/23,32
Grand Ridge Marathon,2023,11/11/23,32
Gulf Coast Series - FL,2023,3/23/23,32
Heartland Series - MN,2023,7/14/23,32
Southwest Series - NM,2023,11/5/23,32
Center of the Nation Marathon - Nebraska,2023,10/3/23,31
Odyssey Trail Marathon,2023,9/9/23,31
Old Colony Marathon,2023,5/6/23,31
Riverboat Series - MO,2023,4/22/23,31
Rockin K Trail Marathon,2023,4/1/23,31
Runs With Scissors Marathon,2023,4/8/23,31
Southwest Series - CO,2023,11/6/23,31
Appalachian Series - WV,2023,3/29/23,30
Dakota Spirit Marathon,2023,8/20/23,30
Farm Park Marathon,2023,5/6/23,30
Golden Gate Headlands Marathon,2023,3/25/23,30
Heartland Series - IA,2023,7/12/23,30
Independence Series - PA,2023,6/2/23,30
Labor of Love Marathon@ Lovell Canyon,2023,3/11/23,30
Muir Woods Trail Marathon,2023,5/13/23,30
Pine Tree Marathon,2023,5/14/23,30
Roxbury Marathon,2023,11/11/23,30
Waugoshance Trail Marathon,2023,7/15/23,30
Ave Maria Marathon,2023,2/11/23,29
Great Allegheny Ohiopyle Marathon Race Festival,2023,5/6/23,29
Green River Marathon,2023,6/3/23,29
Kenai River Marathon,2023,9/24/23,29
Outlaw 100,2023,2/11/23,29
Riverboat Series - AR,2023,4/18/23,29
Diablo Trail Marathon,2023,9/10/23,28
King Salmon Marathon,2023,7/15/23,28
San Lorenzo River Trail Run Marathon,2023,7/15/23,28
Day of the Dead Marathon Series Day 1,2023,10/28/23,27
Last Chance Marathon,2023,12/31/23,27
Prairie Series - MO,2023,5/13/23,27
Prairie Series - OK,2023,5/12/23,27
Red Island Marathon,2023,5/5/23,27
Southwest Series - NV,2023,11/9/23,27
Aloha Series - Day 1,2023,1/19/23,26
Gulf Coast Series - LA,2023,3/21/23,26
Napa Valley Wine Country Trail Marathon,2023,10/28/23,26
Northwest Series - OR,2023,9/23/23,26
Pacific Crest Marathon,2023,6/17/23,26
Prairie Series - MN 2,2023,5/19/23,26
Prince of Wales Island International Marathon,2023,5/27/23,26
JailBreak Marathon,2023,9/30/23,25
New Year's Day Marathon,2023,1/1/23,25
Northwest Series - WA,2023,9/25/23,25
Prairie Series - MN 1,2023,5/18/23,25
Redwood Trail Run (Spring),2023,4/1/23,25
Riverboat Series - IL,2023,4/23/23,25
Riverboat Series - LA,2023,4/17/23,25
Blister in the Sun Marathon,2023,8/6/23,24
Mathews Marathon,2023,10/14/23,24
Montara Mountain Trail Run,2023,2/12/23,24
Chili Pepper Series - Day 1,2023,3/11/23,23
Madison Marathon (MT),2023,7/8/23,23
Southwest Series - CA,2023,11/10/23,23
Center of the Nation Marathon - Colorado,2023,10/2/23,22
"Labor Day Triple, Day 2",2023,9/3/23,22
Northwest Series - WA 2,2023,9/26/23,22
Alaska Series - Day 3,2023,7/27/23,21
Cross Timbers Trail Runs Marathon,2023,3/4/23,21
Gulf Coast Series - TX,2023,3/20/23,21
Mountain Rats,2023,9/16/23,21
Riverboat Series - MS,2023,4/19/23,21
Summer Camp Series - Day 2,2023,7/16/23,21
Arkansas Marathon,2023,10/14/23,20
Cinderella Trail Run (Spring),2023,6/10/23,20
Crystal Springs Summer Trail Run,2023,9/3/23,20
Grizzly Peak Trail Run,2023,5/13/23,20
Nashville NC Running Festival Marathon,2023,10/28/23,20
Summer Camp Series - Day 1,2023,7/15/23,20
Summer Camp Series - Day 3,2023,7/17/23,20
Fort Wayne Marathon and Half,2023,4/29/23,19
ONU Polar Bear Indoor Marathon,2023,1/29/23,19
Rivanna Greenbelt September Marathon,2023,12/3/23,19
Riverboat Series - TN,2023,4/20/23,19
San Juan Island Marathon,2023,6/17/23,19
Streakers Marathon,2023,4/15/23,19
Alaska Series - Day 1,2023,7/25/23,18
Aloha Series - Day 3,2023,1/21/23,18
Day of the Dead Marathon Series Day 2,2023,10/29/23,18
Honest Abe Trail Run Marathon,2023,9/17/23,18
Manatee Marathon & Tallahassee Ultra Distance Classic,2023,12/9/23,18
Northwest Series - OR 2,2023,9/24/23,18
San Miguel Buzz Marathon,2023,2/18/23,18
Woolley Marathon,2023,2/18/23,18
Aloha Series - Day 2,2023,1/20/23,17
Aloha Series - Day 4,2023,1/22/23,17
Horseshoe Lake Trail Run,2023,4/23/23,17
Pine Line Trail Marathon,2023,4/22/23,17
Northwest Series - ID 2,2023,9/28/23,16
Six-O Trail,2023,9/2/23,16
Chili Pepper Series - Day 2,2023,3/12/23,15
"Labor Day Triple, Day 3",2023,9/4/23,15
Midsouth Marathon,2023,11/4/23,15
Savage Seven Marathon Day 7,2023,1/2/23,15
NJ Trail Series One Day Marathon,2023,9/30/23,14
Race of Champions Marathon,2023,5/7/23,14
Alaska Series - Day 2,2023,7/26/23,13
"Jump off Joe Marathon, Half, 10k",2023,9/9/23,13
Summer Camp Series - Day 5,2023,7/19/23,13
Alaska Series - Day 4,2023,7/28/23,12
Savage Seven Marathon Day 6,2023,1/1/23,12
Summer Camp Series - Day 4,2023,7/18/23,12
Surfside Beach Marathon,2023,2/18/23,12
Hatcher Pass Marathon,2023,8/5/23,11
Mountain Magic Marathon,2023,6/18/23,10
Rock Creek Scenic City Trail Marathon,2023,5/13/23,10
Saddleback Marathon,2023,11/11/23,10
Monster Trail Marathon,2023,9/3/23,9
Napa Valley Trail Marathon,2023,3/18/23,9
Run The Rock Marathon,2023,10/14/23,7
American Heroes Run,2023,9/9/23,5
Oregon Trail Run,2023,10/21/23,5
Free State Trail Marathon,2023,10/28/23,2
